{"epoch": 87, "_timestamp": 1665433360.7582343, "loss": -594.0279808155419, "_runtime": 8870.8447432518, "_step": 9348, "best_loss": -624.6232478510575, "best_epoch": 33, "Extrinsic return": -247.43485217450285, "Num constraint violations": 3, "Num episodes with constraint violations": 54, "Final traj over desired mixing prob": {"_type": "image-file", "sha256": "0bfc367da46f9717407e821b8dd01665b232b3272e191cba0a103958670458b5", "size": 35323, "path": "media/images/Final traj over desired mixing prob_9347_0bfc367da46f9717407e.png", "format": "png", "width": 640, "height": 440}, "Final traj over desired gating gp": {"_type": "image-file", "sha256": "0b372319e5e3a00d9164c5fc167844e79b393fc6edd79d2c3f686a672eb7128c", "size": 44583, "path": "media/images/Final traj over desired gating gp_9348_0b372319e5e3a00d9164.png", "format": "png", "width": 640, "height": 440}, "_wandb": {"runtime": 8870}}