{"epoch": 168, "_timestamp": 1665429651.1290753, "loss": -579.2569486858753, "_runtime": 4996.103157281876, "_step": 9058, "best_loss": -610.9770920258726, "best_epoch": 38, "Extrinsic return": -253.31016199095802, "Num constraint violations": 4, "Num episodes with constraint violations": 53, "Final traj over desired mixing prob": {"_type": "image-file", "sha256": "0d5f1c37cd1371a420c5150826936807cd2ce473018400881b80e6899099ee53", "size": 35324, "path": "media/images/Final traj over desired mixing prob_9057_0d5f1c37cd1371a420c5.png", "format": "png", "width": 640, "height": 440}, "Final traj over desired gating gp": {"_type": "image-file", "sha256": "09d115b9013b86d4b92e3d1c57490e837ea378251615ddb896d2545ccecb9e52", "size": 45357, "path": "media/images/Final traj over desired gating gp_9058_09d115b9013b86d4b92e.png", "format": "png", "width": 640, "height": 440}, "_wandb": {"runtime": 4995}}