{"epoch": 121, "_timestamp": 1665434542.9093406, "loss": -554.6761450962003, "_runtime": 9819.749443531036, "_step": 9343, "best_loss": -633.3604617556242, "best_epoch": 19, "Extrinsic return": -321.6143294275339, "Num constraint violations": 0, "Num episodes with constraint violations": 40, "Final traj over desired mixing prob": {"_type": "image-file", "sha256": "0f04b22e864b59ba6922147173aa6ff9fc5864f026b300e145199281de18eddd", "size": 33529, "path": "media/images/Final traj over desired mixing prob_9342_0f04b22e864b59ba6922.png", "format": "png", "width": 640, "height": 440}, "Final traj over desired gating gp": {"_type": "image-file", "sha256": "8a8fa0afc2a35c847141dd8bdb1b284f2d5719585733c3320bcd1804a7c76aad", "size": 41221, "path": "media/images/Final traj over desired gating gp_9343_8a8fa0afc2a35c847141.png", "format": "png", "width": 640, "height": 440}, "_wandb": {"runtime": 9819}}