{"epoch": 92, "_timestamp": 1665430744.9527485, "loss": -600.0888948355937, "_runtime": 6155.728332519531, "_step": 8890, "best_loss": -622.7170899831658, "best_epoch": 146, "Extrinsic return": -260.2646641742588, "Num constraint violations": 1, "Num episodes with constraint violations": 80, "Final traj over desired mixing prob": {"_type": "image-file", "sha256": "5426908ca270dd46074525eb194e90087fafa8e49f508f75927597b1719bb1d6", "size": 25700, "path": "media/images/Final traj over desired mixing prob_8889_5426908ca270dd460745.png", "format": "png", "width": 640, "height": 440}, "Final traj over desired gating gp": {"_type": "image-file", "sha256": "8080fc67cdbf8b4f172b3407a18b9b128b4f1974d648bf49a0cb6349c226e7de", "size": 31087, "path": "media/images/Final traj over desired gating gp_8890_8080fc67cdbf8b4f172b.png", "format": "png", "width": 640, "height": 440}, "_wandb": {"runtime": 6155}}