{"epoch": 59, "_timestamp": 1665566347.083276, "loss": -670.8066917749222, "_runtime": 3412.8730001449585, "_step": 9138, "best_loss": -684.1109543005401, "best_epoch": 47, "Extrinsic return": -312.703341309407, "Num constraint violations": 1, "Num episodes with constraint violations": 52, "Final traj over desired mixing prob": {"_type": "image-file", "sha256": "3d650f000b6d4b48d3fb36522f6b00d75546ea10cc04665977c69c15298de178", "size": 47195, "path": "media/images/Final traj over desired mixing prob_9137_3d650f000b6d4b48d3fb.png", "format": "png", "width": 640, "height": 480}, "Final traj over desired gating gp": {"_type": "image-file", "sha256": "df089a2ccfd5d290cb349f55bb369fe3ae04c6b69410ecc5909078af4ff45080", "size": 58569, "path": "media/images/Final traj over desired gating gp_9138_df089a2ccfd5d290cb34.png", "format": "png", "width": 640, "height": 480}, "_wandb": {"runtime": 3412}}