{"epoch": 53, "_timestamp": 1665432925.3902953, "loss": -647.5592721719935, "_runtime": 8023.485062360764, "_step": 8144, "best_loss": -677.700661733013, "best_epoch": 17, "Extrinsic return": -343.20534851231935, "Num constraint violations": 1, "Num episodes with constraint violations": 34, "Final traj over desired mixing prob": {"_type": "image-file", "sha256": "0348d6a33eaa3bcb3ae752ca604879804ff4f95e41506477775cab8879c265f9", "size": 44766, "path": "media/images/Final traj over desired mixing prob_8143_0348d6a33eaa3bcb3ae7.png", "format": "png", "width": 640, "height": 440}, "Final traj over desired gating gp": {"_type": "image-file", "sha256": "013c75afd0dfbf7c640ff8f30acaa27ff40be8225cd63954720452a5b70226d3", "size": 56447, "path": "media/images/Final traj over desired gating gp_8144_013c75afd0dfbf7c640f.png", "format": "png", "width": 640, "height": 440}, "_wandb": {"runtime": 8023}}